hauskreisName,name,email,role,birthdate,playsInstrument,canHost,autoAttend,active,locationName
Holy-Homies,Niko,niko@example.com,admin,,true,true,true,true,Bei Niko
Holy-Homies,Antonia,toni@example.com,member,,true,true,true,true,Bei Antonia
Holy-Homies,Reini,reini@example.com,member,,true,true,true,true,Bei Reini
Holy-Homies,Julian,julian@example.com,member,,true,true,true,true,Bei Julian & Marlene
Holy-Homies,Marlene,marlene@example.com,member,,false,true,true,true,Bei Julian & Marlene
Holy-Homies,Chris,chris@example.com,member,,false,true,false,true,Bei Chris
Holy-Homies,Elisha,elisha@example.com,member,,false,true,false,true,Bei Erik & Elisha
Holy-Homies,Erik,erik@example.com,member,,false,true,false,true,Bei Erik & Elisha
Holy-Homies,Sofie,sofie@example.com,member,,false,true,false,true,Bei Sofie
